2022,4,4
2022,4,5
2022,5,1
2022,6,3
2022,9,9
2022,10,10
2023,1,2
2023,1,20
2023,1,23
2023,1,24
2023,1,25
2023,1,26
2023,1,27
2023,2,27
2023,2,28
2023,4,3
2023,4,4
2023,4,5
2023,5,1
2023,6,22
2023,6,23
2023,10,9
2023,10,10
2024,1,1
2024,2,8
2024,2,9
2024,2,10
2024,2,11
2024,2,12
2024,2,13
2024,2,14
2024,2,28
2024,4,4
2024,4,5
2024,4,6
2024,4,7
2024,5,1
2024,6,8
2024,6,9
2024,6,10
2024,9,17
2024,10,10
2025,01,01
2025,01,27
2025,01,28
2025,01,29
2025,01,30
2025,01,31
2025,02,28
2025,04,03
2025,04,04
2025,05,01
2025,05,30
2025,10,06
2025,10,10
2026,01,01
